наименование;описание;цена;орг %;ccылка на товар на сайте поставщика;ссылки на Фото
Набор шоколадных конфет КРАСНОЯРСКИЕ СЮЖЕТЫ с изображением Царь-рыбы 180гр;"СОСТАВ: шоколадная глазурь (сахар, какао тертое, эквивалент масла какао (растительные негидрогенизированные масла: пальмовое, ши, иллипе), какао-порошок,  эмульгатор — лецитин соевый, ароматизатор пищевой  «Ванилин»),  полуфабрикат кондитерский — начинка (сахар, рафинированные дезодорированные масла: пальмовое, ши, иллипе;  молоко сухое обезжиренное, регулятор кислотности-кислота лимонная, эмульгатор — лецитин соевый, антиокислители-смесь токоферолов, аскорбиновая кислота; ароматизатор пищевой  «Ванильно-сливочный»), ядро ореха фундука жареное, какао-порошок, какао-тертое, ядро ореха фундука жареное дробленое,  вафли молотые (мука пшеничная, масло растительное, соль поваренная пищевая, разрыхлитель-гидрокарбонат натрия,  эмульгатор — лецитин соевый), рафинированные дезодорированные растительные масла (пальмовое, рапсовое, соевое), эмульгатор-лецитин соевый, ароматизатор пищевой ""Ванильно-сливочный"".ПИЩЕВАЯ ЦЕННОСТЬ 100 Г:  белки — 7 г; жиры  - 39 г; углеводы  - 45  г.ЭНЕРГЕТИЧЕСКАЯ ЦЕННОСТЬ 100 Г:  560  ккал/ 2 340 кДжГОСТ ГОСТ 4570, ТР/ТС 021/2011       Хранить в сухом прохладном месте при температуре воздуха (18±3)С и относительной влажности воздуха не более 75%,  избегать попадания  прямых солнечных лучей.";143.82 ;13;https://24-ok.ru/catalog_new.php?catalog_id=2637996&lot_id=327848727;https://24-ok.ru/images/lots/2018_lots/04/16/03/22/158180/4f099a548eefd99fd255a7d50bcc5179.jpeg
Шоколад КРАСКОНОВСКИЙ молочный (Универсиада);"СОСТАВ: сахар, какао-масло, молоко сухое цельное, какао тертое, сыворотка сухая молочная, молочный жир, эмульгатор-лецитин соевый, ароматизатор натуральный «Ваниль», ароматизатор пищевой «Тоффи ванильно-сливочный». Массовая доля общего содержания сухого остатка какао 31,0% (±1,5%), сухой обезжиренный остаток какао не менее 5,6%, массовая доля сухих веществ молока 15,0% (±1,0%), молочного жира 5,6% (±0,5%), массовая доля насыщенных жирных кислот 18,5% и трансизомеров ненасыщенных жирных кислот 0,24 %. ПИЩЕВАЯ ЦЕННОСТЬ 100 Г: БЕЛКИ –  6,0 г; ЖИРЫ – 32,0 г; УГЛЕВОДЫ – 58,0 г.ЭНЕРГЕТИЧЕСКАЯ ЦЕННОСТЬ 100 Г: 540 ККАЛ/ 2260 кДжГОСТ 31721УСЛОВИЯ ХРАНЕНИЯ: хранить при температуре от 5° С  до 22°С и относительной влажности воздуха не более 70%, избегать попадания  прямых солнечных лучей";56.20 ;13;https://24-ok.ru/catalog_new.php?catalog_id=2637996&lot_id=327848726;https://24-ok.ru/images/lots/2018_lots/04/16/03/20/158180/b204361544642b28e4fd422794aa2d44.jpeg
Шоколад КРАСКОНОВСКИЙ тёмный (медали) Универсиада;"СОСТАВ: сахар, какао тертое, какао-масло, эмульгатор-лецитин; ароматизатор пищевой «Ванилин». Массовая доля общего содержания сухого остатка какао 49,5% (±2,0%), массовая доля масла какао 30,1% (±1,5%), массовая доля насыщенных жирных кислот 16,6% и трансизомеров ненасыщенных жирных кислот до 0,15 %ПИЩЕВАЯ ЦЕННОСТЬ 100 Г: БЕЛКИ –  6,0 г; ЖИРЫ – 30,0 г; УГЛЕВОДЫ – 57,0 г.ЭНЕРГЕТИЧЕСКАЯ ЦЕННОСТЬ 100 Г: 520 ККАЛ/ 2180 кДжГОСТ 31721, ТР ТС 021/2011УСЛОВИЯ ХРАНЕНИЯ: хранить при температуре от 5° С  до 22°С и относительной влажности воздуха не более 70%, избегать попадания  прямых солнечных лучей.";56.20 ;13;https://24-ok.ru/catalog_new.php?catalog_id=2637996&lot_id=327848725;https://24-ok.ru/images/lots/2018_lots/04/16/03/18/158180/1f80883c3bcc3293cf3e553f1295ecc7.jpeg
Шоколадный батончик КРАСКОНОВСКИЙ со сливочной начинкой;;20.61 ;13;https://24-ok.ru/catalog_new.php?catalog_id=2637996&lot_id=327848724;https://24-ok.ru/images/lots/2016_lots/04/05/10/56/59452/59c392416978abd68be25bdd8c28fc59.jpg
Шоколадный батончик КРАСКОНОВСКИЙ с шоколадной начинкой;;20.61 ;13;https://24-ok.ru/catalog_new.php?catalog_id=2637996&lot_id=327848723;https://24-ok.ru/images/lots/2016_lots/04/05/10/56/59452/5afaaac40b0a759fe4b9bc7ceb67d6ac.jpg
Шоколадный батончик КРАСКОНОВСКИЙ с помадно-молочной начинкой;;20.61 ;13;https://24-ok.ru/catalog_new.php?catalog_id=2637996&lot_id=327848722;https://24-ok.ru/images/lots/2016_lots/04/05/10/56/59452/6e4db257b61ea041461a8ab69fbf65eb.jpg
Шоколад РАДОСТЬ В ЛАДОШКЕ (Красноярск);;71.20 ;13;https://24-ok.ru/catalog_new.php?catalog_id=2637996&lot_id=327848721;https://24-ok.ru/images/lots/2016_lots/04/05/10/56/59452/ae9d4f89678c28b895b40230d7e7c14d.jpg
Шоколад КРАСКОНОВСКИЙ тёмный 100 г Виды города;;57.34 ;13;https://24-ok.ru/catalog_new.php?catalog_id=2637996&lot_id=327848720;https://24-ok.ru/images/lots/2016_lots/04/05/10/56/59452/0726d8a5bc2903063e073103e538d7e2.jpg
Шоколад КРАСКОНОВСКИЙ тёмный 100 г (с часовней);;57.34 ;13;https://24-ok.ru/catalog_new.php?catalog_id=2637996&lot_id=327848719;https://24-ok.ru/images/lots/2016_lots/04/05/10/56/59452/1d0d7710fc68e0c22bf93a14f5d115a7.jpg
Шоколад КРАСКОНОВСКИЙ тёмный 100  Г;;57.34 ;13;https://24-ok.ru/catalog_new.php?catalog_id=2637996&lot_id=327848718;https://24-ok.ru/images/lots/2016_lots/04/05/10/56/59452/486942a66ecb757a883a76adfe5e3bb6.jpg
Шоколад КРАСКОНОВСКИЙ тёмный (медали) с видом Параскевы Пятницы;;20.10 ;13;https://24-ok.ru/catalog_new.php?catalog_id=2637996&lot_id=327848717;https://24-ok.ru/images/lots/2016_lots/04/05/10/56/59452/4bebc14c5340651d08e4c69021aa19b1.jpg
Шоколад КРАСКОНОВСКИЙ молочный 100 г ( с часовней);;60.49 ;13;https://24-ok.ru/catalog_new.php?catalog_id=2637996&lot_id=327848716;https://24-ok.ru/images/lots/2016_lots/04/05/10/56/59452/5a1e262a1bf3c39f2fcd57b7aa9b95bb.jpg
Шоколад КРАСКОНОВСКИЙ молочный 100 г;;60.49 ;13;https://24-ok.ru/catalog_new.php?catalog_id=2637996&lot_id=327848715;https://24-ok.ru/images/lots/2016_lots/04/05/10/56/59452/0a6114971ee57adcc6ae0a3e5bdbbdc3.jpg
Шоколад РАДОСТЬ В ЛАДОШКЕ;"СОСТАВ: темный шоколад (сахар, какао-тертое, какао-масло, какао-порошок, эквивалент масла какао, эмульгатор — лецитин соевый, ароматизаторы пищевые: «Ванилин», ""Тоффи"", ""Коньячный""), белый шоколад (сахар, какао-масло, сухие молочные продукты, эмульгатор — лецитин соевый, ароматизаторы пищевые ""Ванилин"", ""Молочный шоколад"") шоколад с фундуком ( сахар, какао-тертое, какао-масло, ядро ореха фундука жареное дробленое, эквивалент какао-масла, эмульгатор-лецитин соевый, ароматизаторы пищевые:  «Ванилин»,  «Бейлис»).Содержит до 5 % эквивалента какао-масла. Массовая доля общего содержания сухого остатка какао 42,5% (± 2,0%), массовая доля масла какао 29,3% (±1,5%), массовая доля насыщенных жирных кислот 21,5% и трансизомеров ненасыщенных жирных кислот до 0,14%, сухого общего остатка молока 5,3% (±1,0%), молочного жира 1,1% (± 0,5%). ПИЩЕВАЯ ЦЕННОСТЬ 100 Г: БЕЛКИ – 5,5 г; ЖИРЫ – 36,0 г; УГЛЕВОДЫ –  50,0 г.ЭНЕРГЕТИЧЕСКАЯ ЦЕННОСТЬ 100 Г:   550  ККАЛ/2300 кДж ГОСТ 31721-2012УСЛОВИЯ ХРАНЕНИЯ: хранить при температуре от 5° С  до 22°С и относительной влажности воздуха не более 70%, избегать попадания  прямых солнечных лучей";71.20 ;13;https://24-ok.ru/catalog_new.php?catalog_id=2637996&lot_id=327848714;https://24-ok.ru/images/lots/2016_lots/04/05/10/56/59452/b27bbd4e641683d604d85c7b1f0be999.jpg
Кондитерский батончик ПРЕМЬЕРА СЕЗОНА со вкусом халвы;42 Г;11.60 ;13;https://24-ok.ru/catalog_new.php?catalog_id=2637996&lot_id=327848713;https://24-ok.ru/images/lots/2016_lots/04/05/10/56/59452/768049091d75a92c009ae9453fb4c647.jpg
Кондитерский батончик ПРЕМЬЕРА СЕЗОНА вкус в ассортименте;42 Г;11.84 ;13;https://24-ok.ru/catalog_new.php?catalog_id=2637996&lot_id=327848711;https://24-ok.ru/images/lots/2016_lots/04/05/10/56/59452/cff8bda411181a9833e57174a2db9234.jpg
Фасованные конфеты СУФЛЕ С АРОМАТОМ ЛИМОНА;"Это конфеты, глазированные шоколадной глазурью, с нежным сбивным  корпусом. Корпус (начинка) представляет собой сбитую на яичных белках массу с добавлением яблочной подварки.   Соответственно наименованиям конфеты имеют выраженный приятный вкус и  аромат  лимона.  Конфеты отличаются сравнительно небольшой калорийностью и лёгкостью.Состав:«Суфле с ароматом  лимона»  Сахар, шоколадная глазурь, патока, подварка яблочная, пенообразователь — яичный белок, желирующий агент — агар, кислота лимонная, ароматизатор,идентичный натуральному: «Лимонный», пищевой натуральный краситель (жёлтый).Пищевая ценность 100г: белки — 3,0 г; жиры — 9,0 г; углеводы — 71,0 г.Энергетическая ценность 100 г: 370 ккал/1550 кДж. Срок годности : 2 месяца.Конфеты выпущены по ГОСТ 4570.";75.48 ;13;https://24-ok.ru/catalog_new.php?catalog_id=2637996&lot_id=327848710;https://24-ok.ru/images/lots/2016_lots/04/05/10/56/59452/fcdfb9204500b71288c188005cee0f41.jpg
Фасованные конфеты СУФЛЕ С АРОМАТОМ ВАНИЛИ (багульник)  65 Г;"Это конфеты, глазированные шоколадной глазурью, с нежным сбивным  корпусом. Корпус (начинка) представляет собой сбитую на яичных белках массу с добавлением яблочной подварки.   Соответственно наименованиям конфеты имеют выраженный приятный вкус и  аромат  ванили.  Конфеты отличаются сравнительно небольшой калорийностью и лёгкостью.Состав:Сахар, шоколадная глазурь, патока, подварка яблочная, пенообразователь — яичный белок, желирующий агент — агар, регулятор кислотности-кислота лимонная, ароматизатор пищевой «Ванильно-сливочный».Пищевая ценность 100г: белки — 3,0 г; жиры — 9,0 г; углеводы — 71,0 г.Энергетическая ценность 100 г: 370 ккал/1550 кДж. Срок годности : 4 месяца.Конфеты выпущены по ГОСТ 4570.";31.60 ;13;https://24-ok.ru/catalog_new.php?catalog_id=2637996&lot_id=327848709;https://24-ok.ru/images/lots/2016_lots/04/05/10/56/59452/d9a70548b0979ee1b11ff7ad96b6bf10.jpg
Фасованные конфеты СУФЛЕ С АРОМАТОМ ВАНИЛИ;"Это конфеты, глазированные шоколадной глазурью, с нежным сбивным  корпусом. Корпус (начинка) представляет собой сбитую на яичных белках массу с добавлением яблочной подварки.   Соответственно наименованиям конфеты имеют выраженный приятный вкус и  аромат  ванили.  Конфеты отличаются сравнительно небольшой калорийностью и лёгкостью.Состав:«Суфле с ароматом  ванили»  Сахар, шоколадная глазурь, патока, подварка яблочная, пенообразователь — яичный белок, желирующий агент — агар, регулятор кислотности-кислота лимонная, ароматизатор пищевой «Ванильно-сливочный».Пищевая ценность 100г: белки — 3,0 г; жиры — 9,0 г; углеводы — 71,0 г.Энергетическая ценность 100 г: 370 ккал/1550 кДж. Срок годности : 2 месяца.Конфеты выпущены по ГОСТ 4570.";75.48 ;13;https://24-ok.ru/catalog_new.php?catalog_id=2637996&lot_id=327848708;https://24-ok.ru/images/lots/2016_lots/04/05/10/56/59452/2b93a6088f0be5e9ea803a4d952dd485.jpg
Фасованные конфеты КРАСНОЯРСКИЙ ВАЛЬС (блистер);;264.60 ;13;https://24-ok.ru/catalog_new.php?catalog_id=2637996&lot_id=327848707;https://24-ok.ru/images/lots/2016_lots/04/05/10/56/59452/894a3a95921c3dde7558e9d075ef63b8.jpg
"Торт ""Шоколадно-вафельный"" мини";"СОСТАВ: шоколадная глазурь (сахар-песок, какао тертое, какао-масло, какао-порошок, эквивалент масла какао, эмульгатор — лецитин Е322, эмульгатор Е476, ароматизатор, идентичный натуральному «Ванилин»), сахар-песок, жир специального назначения, сыворотка сухая молочная, вафли листовые (мука пшеничная, масло растительное, соль пищевая, сода пищевая, эмульгатор — лецитин Е322), ядро ореха кешью и фундука жареное тертое, какао-порошок, ароматизатор, идентичный натуральному «Ванилин».ПИЩЕВАЯ ЦЕННОСТЬ 100 Г:  белки - 5,5 г; жиры - 35,0  г; углеводы — 53,0 г.ЭНЕРГЕТИЧЕСКАЯ ЦЕННОСТЬ 100 Г:   550 ккал/2300 кДж ОСТ 10-060-95УСЛОВИЯ ХРАНЕНИЯ: хранить при температуре (18 3)о С и относительной влажности воздуха не более 75%, избегать попадания  прямых солнечных лучей";196.55 ;13;https://24-ok.ru/catalog_new.php?catalog_id=2637996&lot_id=327848706;https://24-ok.ru/images/lots/2016_lots/04/05/10/56/59452/719ab6db90a078c88a9d2184c0c56e08.jpg
"Торт ""Шоколадно-вафельный""";;268.80 ;13;https://24-ok.ru/catalog_new.php?catalog_id=2637996&lot_id=327848705;https://24-ok.ru/images/icons/noimage.png
"Торт ""Красноярская птичка""  550 Г";"СОСТАВ:  сахар-песок,  шоколадная глазурь (сахар-песок, какао тертое, какао-масло, какао-порошок, эквивалент масла какао, эмульгатор — лецитин (Е322), эмульгатор (Е476), ароматизатор, идентичный натуральному «Ванилин»),  патока крахмальная, масло из коровьего молока, молоко сгущенное с сахаром, пенообразователь - яичный белок восстановленный, студнеобразователь — агар (Е406),  регулятор кислотности - лимонная кислота (Е330), краситель пищевой (E160b), ароматизаторы, идентичные натуральным: «Ванилин», «Лимон».ПИЩЕВАЯ ЦЕННОСТЬ 100 Г: БЕЛКИ – 2,5 г; ЖИРЫ – 21,0 г; УГЛЕВОДЫ – 58,0 г.ЭНЕРГЕТИЧЕСКАЯ ЦЕННОСТЬ 100 Г:  430 ККАЛ / 1800 кДж ТУ 9130-002-00357133-07УСЛОВИЯ ХРАНЕНИЯ: хранить при температуре (18 3)о С и относительной влажности воздуха не более 75%, избегать попадания  прямых солнечных лучей";279.80 ;13;https://24-ok.ru/catalog_new.php?catalog_id=2637996&lot_id=327848704;https://24-ok.ru/images/lots/2016_lots/04/05/10/56/59452/f9738d065506e1389dbbd271e922e534.jpg
Набор шоколадных конфет ШОКОЛАДНЫЕ БЕРЕГА;"СОСТАВ: шоколадная глазурь (сахар-песок, какао тертое, какао-масло, какао-порошок, эквивалент масла какао, эмульгатор — лецитин (Е322), эмульгатор (Е476), ароматизатор, идентичный натуральному «Ванилин»), полуфабрикат кондитерский — начинка (сахар-песок, жир специального назначения, молоко сухое цельное, молоко сухое обезжиренное, какао-масло, сыворотка сухая молочная, эмульгатор — лецитин (Е322), эмульгатор (Е476)), белая шоколадная глазурь (сахар-песок, какао-масло, сухие молочные продукты, эквивалент какао-масла, эмульгатор (Е476), краситель пищевой (Е160А)), крошка темного шоколада, сахар-песок, ядра фундука и кешью жареные тертые и дробленые, молоко цельное сухое, молоко сгущенное с сахаром, масло из коровьего молока, какао-порошок, какао тертое, какао-масло, сыворотка сухая молочная, вафли дробленые и молотые (мука пшеничная, масло растительное, соль пищевая, сода пищевая, эмульгатор — лецитин (Е322)), кокосовое масло, изюм, рис воздушный, кофе натуральный молотый, цукаты фруктовые, алкоголь (спирт этиловый пищевой, коньяк), ароматизаторы, идентичные натуральным: «Капучино», «Ванилин», «Ванильно-сливочный», «Ванильный», «Ромовый», «Фундук», «Белый шоколад»..В состав набора входят фирменные конфеты: ""Крестовый король"", ""Красноярский вальс"" (новинка - шоколадные куполообразные конфеты с нежной тающей шоколадной начинкой с добавлением клюквенной настойки и гранатового аромата), ""Саянале миндальный"", ""Тесоро кофе со сливками"", ""Шоколадный король"", ""Удивительная Сибирь"", ""Краскоша вечерком"", ""Саянские озёра"", ""Симонель"".  Вес набора 740 г.  ПИЩЕВАЯ ЦЕННОСТЬ 100 Г:  белки — 4,0 г; жиры  -  26,0 г; углеводы  - 58,0 г.ЭНЕРГЕТИЧЕСКАЯ ЦЕННОСТЬ 100 Г:   480 ккал/2010 кДж ГОСТ   4570-93УСЛОВИЯ ХРАНЕНИЯ: хранить при температуре (18 + - 3)о С и относительной влажности воздуха не более 75%, избегать попадания  прямых солнечных лучей  СРОК ГОДНОСТИ 3 МЕСЯЦА";710.90 ;13;https://24-ok.ru/catalog_new.php?catalog_id=2637996&lot_id=327848703;https://24-ok.ru/images/lots/2016_lots/04/05/10/56/59452/f20346ddbf9b05956b920093dde4d7ed.jpg
Набор шоколадных конфет ШОКОЛАДНАЯ РОМАНТИКА КРАСКОНА 1;1. крестовый король-без этикета 4 шт 2. Конфеты Ассорти Красконовское с помадно-сливочной начинкой без этикета 3 шт 3. Конфеты Ореховый букет без этикета 6 шт 4. Конфеты Черемуховый букет без этикета 3 шт 5. краскоша- любитель Оршада- без этикета 6 шт 6. Конфеты Саянские озера - без этикета 8 шт;333.30 ;13;https://24-ok.ru/catalog_new.php?catalog_id=2637996&lot_id=327848702;https://24-ok.ru/images/lots/2016_lots/04/05/10/56/59452/4822d07e40ffae20a40d5e566aef8c45.jpg
Набор шоколадных конфет ШОКОЛАДНАЯ РОМАНТИКА КРАСКОНА  420 Г;"1. краскоша- любитель Оршада- без этикета 7 шт 2. Конфеты Багира шоколадная без этикета 7 шт 3. Конфеты Ассорти Красконовское с помадно-шоколадной начин без этикета 6 шт 4. Конфеты Ассорти Красконовское с помадно-сливочной начинкой без этикета 10 шт Ассортимент: ""Краскоша-любитель оршада"", ""Багира шоколадная"", ""Ассорти Красконовское с помадно-сливочной начинкой"", ""Ассорти Красконовское с помадно-шоколадной начинкой"".СОСТАВ:  шоколадная глазурь (сахар, какао тертое,  какао-порошок, эквивалент масла какао, эмульгатор — лецитин соевый, ароматизатор пищевой «Ванилин»), полуфабрикат кондитерский — начинка (сахар, молоко сухое обезжиренное, жир специального назначения, эквивалент масла какао, регулятор кислотности-кислота лимонная, эмульгатор — лецитин соевый, антиокислители: аскорбиновая кислота, смесь токоферолов; ароматизатор пищевой «Ванильно-сливочный»), сахар-, молоко сгущенное с сахаром, патока, кокосовое масло, ядро ореха фундука жареное дробленое, пюре цитрусовое, жир специального назначения, спирт этиловый пищевой, какао-порошок, консервант — сорбат калия, вафли молотые (мука пшеничная, масло растительное, соль пищевая, разрыхлитель-гидрокарбонат натрия, эмульгатор — лецитин соевый), ароматизаторы пищевые: «Фундук», «Ромовая ваниль», «Ванильно-сливочный», «Ром», «Миндаль»..ПИЩЕВАЯ ЦЕННОСТЬ 100 Г:  белки –   4,0 г; жиры  -  26,0 г; углеводы  -  57,0  г.ЭНЕРГЕТИЧЕСКАЯ ЦЕННОСТЬ 100 Г:   480  ккал/2010 кДж ГОСТ  4570УСЛОВИЯ ХРАНЕНИЯ: хранить при температуре (18 +- 3) С и относительной влажности воздуха не более 75%, избегать попадания  прямых солнечных лучей";333.30 ;13;https://24-ok.ru/catalog_new.php?catalog_id=2637996&lot_id=327848701;https://24-ok.ru/images/lots/2016_lots/04/05/10/56/59452/cf03140cbd133f1ffc01891f810b557d.jpg
Набор шоколадных конфет ШОКОЛАДНАЯ КОРОЛЕВА  245 Г;"крестовый король-без этикета 6 шт 2. шоколадная королева-без этикета 5 шт 3. саянале миндальный-без этикета 5 шт СОСТАВ: шоколадная глазурь (сахар-песок, какао тертое, какао-масло, какао-порошок, эквивалент масла какао, эмульгатор — лецитин (Е322), эмульгатор (Е476), ароматизатор, идентичный натуральному «Ванилин»), белая шоколадная глазурь (сахар-песок, какао-масло, сухие молочные продукты, эмульгатор (Е476), краситель пищевой (Е160А)), ядро абрикосовой косточки, сахар-песок, крошка темного и белого шоколада, ядро ореха фундука жареное тертое и дробленое, масло из коровьего молока, какао тертое, какао-масло, кокосовое масло, изюм, какао-порошок, молоко цельное сухое, алкоголь (коньяк, спирт этиловый пищевой), патока крахмальная, эмульгатор — лецитин (Е322), ароматизаторы, идентичные натуральным: «Белый шоколад», «Фисташка», «Ванилин».МАССА  НЕТТО, г.ДАТА ИЗГОТОВЛЕНИЯ                       непечатное окно размером 25*40 мм ДАТА УПАКОВЫВАНИЯ  Штрих-код 4605542018474ПИЩЕВАЯ ЦЕННОСТЬ 100 Г:  белки -  6,5 г; жиры  - 34,0 г; углеводы  - 49,0 г.ЭНЕРГЕТИЧЕСКАЯ ЦЕННОСТЬ 100 Г: 530 ккал.ГОСТ   4570-93УСЛОВИЯ ХРАНЕНИЯ: хранить при температуре (18 3)о С и относительной влажности воздуха не более 75%, избегать попадания  прямых солнечных лучей  СРОК ГОДНОСТИ 2 МЕСЯЦА";320.20 ;13;https://24-ok.ru/catalog_new.php?catalog_id=2637996&lot_id=327848700;https://24-ok.ru/images/lots/2016_lots/04/05/10/56/59452/be5d995465bbb9f050a3617386d066db.jpg
Набор шоколадных конфет ЧЕРЕМУХОВЫЙ БУКЕТ 1  485 Г;;324.60 ;13;https://24-ok.ru/catalog_new.php?catalog_id=2637996&lot_id=327848699;https://24-ok.ru/images/lots/2016_lots/04/05/10/56/59452/1d500e97ad9a0919e7b71839b462e1f3.jpg
Набор шоколадных конфет ТЕСОРО  395 Г;"тесоро кофе со сливками без этикета 5 шт 2. тесоро желанный-без этикета 5 шт 3. тесоро жгучий шоколад ( в саше) без этикета 5 шт 4. красноярье-без этикета 4 шт 5. тесоро молочный (в саше) -без этикета 5 шт СОСТАВ: сахар-песок, шоколадная глазурь (сахар-песок, какао тертое, какао-масло, какао-порошок, эквивалент масла какао, эмульгатор — лецитин Е322, эмульгатор Е476, ароматизатор, идентичный натуральному, «Ванилин»), полуфабрикат кондитерский - начинка (сахар-песок, жир специального назначения, молоко сухое цельное, молоко сухое обезжиренное, какао-масло, сыворотка сухая молочная, эмульгатор — лецитин Е322, эмульгатор Е476), ядро ореха фундука жареное тертое, молоко цельное сухое, молоко цельное сгущенное с сахаром, какао-порошок, вафли дробленые и молотые (мука пшеничная, масло растительное, соль пищевая, сода пищевая, эмульгатор — лецитин Е322), жир специального назначения, рис воздушный, кофе натуральный молотый, алкоголь (спирт этиловый пищевой), кокосовое масло, перец черный молотый, консервант — сорбиновая кислота Е200, ванилин, регулятор кислотности — кислота лимонная Е330, ароматизаторы, идентичные натуральным: «Капучино», «Тоффи шоколадный», «Чили», «Какао», «Чизкейк»; красители пищевые: «Аннато» Е160b, «Куркумин» Е110.ПИЩЕВАЯ ЦЕННОСТЬ 100 Г:  белки – 5,0 г; жиры  - 32,0 г; углеводы  - 54,0 г.ЭНЕРГЕТИЧЕСКАЯ ЦЕННОСТЬ 100 Г: 530 ккал/2220 кДж ГОСТ 4570-93УСЛОВИЯ ХРАНЕНИЯ: хранить при температуре (183)о С и относительной влажности воздуха не более 75%, избегать попадания  прямых солнечных лучей  СРОК ГОДНОСТИ 3 МЕСЯЦА";228.80 ;13;https://24-ok.ru/catalog_new.php?catalog_id=2637996&lot_id=327848697;https://24-ok.ru/images/lots/2016_lots/04/05/10/56/59452/450bd2850d51dca2c5cab4a0c3e9110d.jpg
Набор шоколадных конфет СИБИРСКАЯ ПРИРОДА  200 Г;;110.30 ;13;https://24-ok.ru/catalog_new.php?catalog_id=2637996&lot_id=327848696;https://24-ok.ru/images/lots/2016_lots/04/05/10/56/59452/e183872ad9bcecbbbd2281fffe1145ce.jpg
Набор шоколадных конфет САЯНСКОЕ ЛЕТО  130 Г;;108.70 ;13;https://24-ok.ru/catalog_new.php?catalog_id=2637996&lot_id=327848695;https://24-ok.ru/images/lots/2016_lots/04/05/10/56/59452/8ab9b0579760a195ce3c0bb61111c274.jpg
Набор шоколадных конфет САЯНСКИЕ СЛИВКИ  525 Г;"Ассортимент 1. Конфеты Саянские озера вз 12 шт 2. Конфеты Саянские поля вз 14 шт 3. Конфеты Саянские сливки вз 12 шт СОСТАВ: шоколадная глазурь (сахар-песок, какао тертое, какао-масло, какао-порошок, эквивалент масла какао, эмульгатор — лецитин Е322, эмульгатор Е476, ароматизатор, идентичный натуральному, «Ванилин»), сахар-песок, молоко цельное сгущенное с сахаром, патока крахмальная, пюре черники, белок яичный сухой восстановленный, студнеобразователь — желатин, стабилизатор — мальтодекстрин Е1400, влагоудерживающий агент — пищевые волокна (нутрилоза) Е1200, экстракт зеленого чая, студнеобразователь — агар Е406, регулятор кислотности — кислота лимонная Е330, комплексообразователь — фосфомикс Е331, студнеобразователь — пектин Е440, глицерин Е422, ароматизаторы, идентичные натуральным: «Сливки», «Пломбир», «Черника», «Зеленый чай»; красители пищевые: Е120, Е141.ПИЩЕВАЯ ЦЕННОСТЬ 100 Г:  белки — 2,5 г; жиры  - 8,0 г; углеводы  -   71,0 г.ЭНЕРГЕТИЧЕСКАЯ ЦЕННОСТЬ 100 г:     360 ккал/ 1510 кДж ГОСТ   4570-93УСЛОВИЯ ХРАНЕНИЯ: хранить при температуре (183)о С и относительной влажности воздуха не более 75%, избегать попадания  прямых солнечных лучей СРОК ГОДНОСТИ 3 МЕСЯЦА";266.90 ;13;https://24-ok.ru/catalog_new.php?catalog_id=2637996&lot_id=327848694;https://24-ok.ru/images/lots/2016_lots/04/05/10/56/59452/4e91eedcc2f1df376eaba55e8136c16c.jpg
Набор шоколадных конфет САЯНАЛЕ КЛУБНИЧНЫЙ  450 Г;;283.50 ;13;https://24-ok.ru/catalog_new.php?catalog_id=2637996&lot_id=327848693;https://24-ok.ru/images/lots/2016_lots/04/05/10/56/59452/e1c9d26f351476f35892654f16323eb8.jpg
Набор шоколадных конфет ПРИМИТЕ ПОЗДРАВЛЕНИЯ !  350 Г;1. Конфеты Саянские сливки - без этикета 10 шт 2. краскоша на енисее без этикета 5 шт 3. красноярье-без этикета 1 шт 4. Конфеты Краскоша вечерком - без этикета (для фасовки) 5 шт 5. Конфеты Симонель - без этикета 6 шт;156.09 ;13;https://24-ok.ru/catalog_new.php?catalog_id=2637996&lot_id=327848692;https://24-ok.ru/images/lots/2016_lots/04/05/10/56/59452/f84f59e10e318be4f7e2c85d366d5f4b.jpg
Набор шоколадных конфет ПОЛЕВЫЕ МАКИ  577 Г;"Конфеты Краскоша вечерком вз 7 шт 2. Конфеты Мой Красноярск м вз 7 шт 3. Конфеты Полевые маки вз 15 шт 4. Конфеты Саянские жарки вз 12 шт СОСТАВ: шоколадная глазурь (сахар-песок, какао тертое, какао-масло, какао-порошок, эквивалент масла какао, эмульгатор — лецитин Е322, эмульгатор Е476, ароматизатор, идентичный натуральному, «Ванилин»), сахар-песок, молоко цельное сгущенное с сахаром, молоко цельное сухое, патока крахмальная, какао тертое, какао-масло, ядро ореха фундука жареное тертое, ядро арахиса жареное, ядро ореха кешью жареное тертое, масло из коровьего молока, кокосовое масло, какао-порошок, вафли молотые (мука пшеничная первого сорта, масло растительное, соль пищевая, сода пищевая,  эмульгатор — лецитин Е322), алкоголь (спирт этиловый пищевой, коньяк), регулятор кислотности — кислота лимонная Е330, ароматизаторы, идентичные натуральным: «Ванильный», «Молочный шоколад», «Миндаль», «Бейлис», «Тоффи шоколадный»; краситель пищевой Е160.ПИЩЕВАЯ ЦЕННОСТЬ 100 Г:  белки — 5,0 г; жиры  -  23,0 г; углеводы  -  63,0 г.ЭНЕРГЕТИЧЕСКАЯ ЦЕННОСТЬ 100 Г: 480 ккал/2010 кДж ГОСТ   4570-93УСЛОВИЯ ХРАНЕНИЯ: хранить при температуре (183)о С и относительной влажности воздуха не более 75%, избегать попадания  прямых солнечных лучей  СРОК ГОДНОСТИ 3 МЕСЯЦА";266.90 ;13;https://24-ok.ru/catalog_new.php?catalog_id=2637996&lot_id=327848691;https://24-ok.ru/images/lots/2016_lots/04/05/10/56/59452/63f71b8314dcd79696a7185c4786a65e.jpg
Набор шоколадных конфет МОЙ КРАСНОЯРСК ЗАПОВЕДНЫЕ СТОЛБЫ  285;;176.00 ;13;https://24-ok.ru/catalog_new.php?catalog_id=2637996&lot_id=327848690;https://24-ok.ru/images/lots/2016_lots/04/05/10/56/59452/fcc6469f40d0b717a912ab648e940dad.jpg
Набор шоколадных конфет КРАСНОЯРСКОЕ ТАНГО;"1. саянале миндальный-без этикета 2 шт 2. крестовый король-без этикета 1 шт 3. краскоша на енисее без этикета 12 шт 4. краскоша на верблюде- без этикета 6 шт 5. Конфеты Ассорти Красконовское с помадно-сливочной начинкой без этикета 10 шт СОСТАВ: шоколадная глазурь (сахар-песок, какао тертое, какао-масло, какао-порошок, эквивалент масла какао, эмульгатор — лецитин Е322, эмульгатор Е476, ароматизатор, идентичный натуральному, «Ванилин»), сахар-песок, молоко цельное сгущенное с сахаром, патока крахмальная, ядро ореха кешью жареное тертое, ядро ореха фундука жареное тертое, ядро абрикосовой косточки тертое, какао тертое, какао-масло, жир специального назначения, молоко цельное сухое, вафли молотые (мука пшеничная, масло растительное, соль пищевая, сода пищевая, эмульгатор — лецитин Е322), жир специального назначения, кокосовое масло, изюм, ванилин, алкоголь (коньяк, спирт этиловый пищевой), ароматизаторы, идентичные натуральным: «Белый шоколад», «Ванильно-сливочный», «Апельсиновый».ПИЩЕВАЯ ЦЕННОСТЬ 100 Г: белки —  5,8 г; жиры —  26,5 г; углеводы —   57,7  г ЭНЕРГЕТИЧЕСКАЯ ЦЕННОСТЬ 100 Г:  490 ккал/2050 кДж ГОСТ  4570-93УСЛОВИЯ ХРАНЕНИЯ: хранить при температуре (18 3)о С и относительной влажности воздуха не более 75%, избегать попадания  прямых солнечных лучей";279.60 ;13;https://24-ok.ru/catalog_new.php?catalog_id=2637996&lot_id=327848689;https://24-ok.ru/images/lots/2016_lots/04/05/10/56/59452/8e3dfeb16660c86d83edebb1c41f9dbd.jpg
Набор шоколадных конфет КРАСНОЯРСКИЙ КРАЙ   350 Г;"Ассортимент 1. крестовый король-без этикета 3 шт 2. красноярье-без этикета 3 шт 3. саянале шоколадно-ореховый- без этикета 12 шт 4. краскоша театральный- без этикета 4 шт 5. краскоша друг белочки- без этикета 4 шт 6. Конфеты Сибирская красавица - без этикета 4 шт Сахар-песок, шоколадная глазурь (сахар-песок, какао тертое, какао-масло, какао-порошок, эквивалент масла какао, эмульгатор — лецитин Е322, эмульгатор Е476, ароматизатор, идентичный натуральному, «Ванилин»), белая шоколадная глазурь (сахар-песок, какао-масло, сухие молочные продукты, эмульгатор Е476, краситель пищевой Е160А), ядро ореха фундука жареное тертое и дробленое, кокосовое масло, патока крахмальная, фрукты в сиропе, крошка темного шоколада, вафли дробленые (мука пшеничная, масло растительное, соль пищевая, сода пищевая, эмульгатор — лецитин Е322), ядро ореха кешью жареное тертое, молоко сгущенное с сахаром, какао тертое, какао-масло, масло из коровьего молока, пюре черносмородиновое, жир специального назначения, изюм, молоко цельное сухое, алкоголь (коньяк, спирт этиловый пищевой), студнеобразователь — пектин Е440, регулятор кислотности — кислота лимонная Е330, комплексообразователь Е331, эмульгатор Е322, ароматизаторы, идентичные натуральным: «Айриш-крем», «Белый шоколад», «Ванилин», «Фундук», «Коньячный», «Лимон», «Барбарисовый»; краситель пищевой Е120.ПИЩЕВАЯ ЦЕННОСТЬ 100 Г:  белки -  5,0 г; жиры  -  30,0 г; углеводы  -   54,0 г.ЭНЕРГЕТИЧЕСКАЯ ЦЕННОСТЬ 100 Г:   500 ккал/2090 кДж ГОСТ   4570-93СРОК ГОДНОСТИ 3 МЕСЯЦА";580.40 ;13;https://24-ok.ru/catalog_new.php?catalog_id=2637996&lot_id=327848688;https://24-ok.ru/images/lots/2016_lots/04/05/10/56/59452/5242fa528ebd73f11566d845d09a037e.jpg
Набор шоколадных конфет КРАСНОЯРСКИЕ СЮЖЕТЫ с видом часовни Параскевы Пятницы;"Ассортимент 1. Конфеты Черемуховый букет вз 11 шт СОСТАВ: шоколадная глазурь (сахар-песок, какао тертое, какао-масло, эквивалент масла какао, какао-порошок, эмульгатор — лецитин Е322, эмульгатор Е476, ароматизатор, идентичный натуральному, «Ванилин»), белая шоколадная глазурь (сахар-песок, какао-масло, жир специального назначения, молоко сухое обезжиренное, молоко сухое цельное, эмульгатор — лецитин Е322, ароматизатор, идентичный натуральному, «Йогурт», эмульгатор Е476, краситель пищевой Е160А), полуфабрикат кондитерский — начинка (сахар-песок, какао-масло, жир специального назначения, молоко сухое обезжиренное, молоко сухое цельное, эмульгатор — лецитин Е322, ароматизатор, идентичный натуральному, «Сливки»), начинка фруктовая (пюре яблочное, пюре из лесных ягод, сахар-песок, порошок черёмухи молотый, студнеобразователь — пектин Е440, ароматизатор, идентичный натуральному, «Черемуха»).ПИЩЕВАЯ ЦЕННОСТЬ 100 Г:  белки — 4,5 г; жиры  - 29,0 г; углеводы  -  55,0 г.ЭНЕРГЕТИЧЕСКАЯ ЦЕННОСТЬ 100 Г:   500 ккал/2090 кДж)ГОСТ   4570-93    УСЛОВИЯ ХРАНЕНИЯ: хранить при температуре (183)о С и относительной влажности воздуха не более 75%, избегать попадания  прямых солнечных лучей";471.24 ;13;https://24-ok.ru/catalog_new.php?catalog_id=2637996&lot_id=327848687;https://24-ok.ru/images/lots/2016_lots/04/05/10/56/59452/dc6a08e95009b1b64fa88b344db7b338.jpg
Набор шоколадных конфет КРАСНОЯРСКИЕ СЮЖЕТЫ с видом фонтанов (жесть музыкальная);1. Конфеты Красноярские вечера вз 7 шт 2. Конфеты Красноярские закаты вз 7 шт 3. Конфеты Красноярские ночи вз 6 шт 4. Конфеты Красноярские рассветы вз 6 шт;490.31 ;13;https://24-ok.ru/catalog_new.php?catalog_id=2637996&lot_id=327848686;https://24-ok.ru/images/lots/2016_lots/04/05/10/56/59452/e3413c0f3715219d4cccb8a00ec98f33.jpg
Набор шоколадных конфет КРАСНОЯРСКИЕ СЮЖЕТЫ с видом Фемиды  300 Г;"1. Конфеты Ассорти Красконовское с помадно-шоколадной начин без этикета 4 шт 2. Конфеты Ассорти Красконовское с шоколадной начинкой без этикета 4 шт 3. Конфеты Ассорти Красконовское с помадно-сливочной начинкой без этикета 6 шт СОСТАВ:  сахар-песок, шоколадная глазурь (сахар-песок, какао тертое, какао-масло, какао-порошок, эквивалент масла какао, эмульгатор — лецитин (Е322), эмульгатор (Е476), ароматизатор, идентичный натуральному «Ванилин»), патока крахмальная, молоко сгущенное с сахаром, молоко цельное сухое, какао тертое, жир специального назначения, ядро ореха кешью и фундука жареное дробленое и тертое, сыворотка сухая молочная, вафли дробленые (мука пшеничная, масло растительное, соль пищевая, сода пищевая, эмульгатор — лецитин (Е322)), какао-порошок, какао-масло, стружка грецкого ореха, пюре черносмородиновое, алкоголь (спирт этиловый пищевой, коньяк), пенообразователь — восстановленный яичный белок, агент влагоудерживающий — глицерин (Е422), студнеобразователи: агар (Е406), пектин (Е440), кокосовое масло, регулятор кислотности — кислота лимонная (Е330), комплексообразователь — фосфомикс (Е331), ароматизаторы, идентичные натуральным: «Тоффи шоколадный», «Ванилин», «Ромовый», «Грецкий орех», «Барбарисовый»; краситель пищевой (Е120).ПИЩЕВАЯ ЦЕННОСТЬ 100 Г:  белки —   5,5 г; жиры  -  21,0 г; углеводы  -  62,0 г.ЭНЕРГЕТИЧЕСКАЯ ЦЕННОСТЬ 100 Г:  460 ккал/1930 кДж УСЛОВИЯ ХРАНЕНИЯ: хранить при температуре (183)о С и относительной влажности воздуха не более 75%, избегать попадания  прямых солнечных лучей ГОСТ  4570-93СРОК ГОДНОСТИ 4 МЕСЯЦА";401.20 ;13;https://24-ok.ru/catalog_new.php?catalog_id=2637996&lot_id=327848685;https://24-ok.ru/images/lots/2016_lots/04/05/10/56/59452/fa62e01d777b55d331b1e3a4b741b054.jpg
Набор шоколадных конфет КРАСНОЯРСКИЕ СЮЖЕТЫ ПРИРОДА  180Г;"СОСТАВ: шоколадная глазурь (сахар-песок, какао тертое, какао-масло, какао-порошок, эквивалент масла какао, эмульгатор — лецитин (Е322), эмульгатор (Е476), ароматизатор, идентичный натуральному «Ванилин»), сахар-песок, патока крахмальная, молоко сгущенное с сахаром, какао тертое, жир специального назначения, кокосовое масло, какао-порошок, алкоголь (Спирт этиловый пищевой), пюре яблочное, консервант — сорбат калия (Е202), ароматизаторы, идентичные натуральным: «Ванильно-сливочный», «Ромовый», «Апельсин».ПИЩЕВАЯ ЦЕННОСТЬ 100 Г:  белки — 4,0 г; жиры  -  23,0 г; углеводы  -  61,0 г.ЭНЕРГЕТИЧЕСКАЯ ЦЕННОСТЬ 100 Г:  470 ккал.ГОСТ   4570-93УСЛОВИЯ ХРАНЕНИЯ: хранить при температуре (183)о С и относительной влажности воздуха не более 75%, избегать попадания  прямых солнечных лучей";146.78 ;13;https://24-ok.ru/catalog_new.php?catalog_id=2637996&lot_id=327848684;https://24-ok.ru/images/lots/2016_lots/04/05/10/56/59452/bef92f7f153b0fe4bf06c39abd81cbfc.jpg
Набор шоколадных конфет КРАСНОЯРСКИЕ СТОЛБЫ ЗИМА  320 Г;"Ассортимент: «Симонель», «Саянские сливки», «Полевые маки», «Краскоша вечерком»СОСТАВ: сахар, шоколадная глазурь (сахар, какао тертое, какао-масло, какао-порошок, эквивалент масла какао, эмульгатор — лецитин, ароматизатор идентичный натуральному, «Ванилин»), патока, молоко сгущенное с сахаром, вафли молотые (мука пшеничная, масло растительное, соль пищевая, сода пищевая, эмульгатор — лецитин), какао тертое, жир специального назначения, какао-порошок, молоко сухое цельное, семя кунжута жареное, масло из коровьего молока, ядро ореха фундука и кешью жареное тертое, какао-масло, стабилизатор — мальтодекстрин, влагоудерживающий агент — пищевые волокна: нутрилоза, какао-порошок, студнеобразователь — желатин, алкоголь (спирт этиловый пищевой), кокосовое масло, ароматизаторы идентичные натуральным: «Пломбир», «Ваниль ореховая», «Тоффи шоколадный», «Ванилин»; соль пищевая.ПИЩЕВАЯ ЦЕННОСТЬ 100 Г:  белки — 3,5 г; жиры  -  16,0 г; углеводы  -  67,0 г.ЭНЕРГЕТИЧЕСКАЯ ЦЕННОСТЬ 100 Г: 430 ккал/1800 кДж ГОСТ   4570УСЛОВИЯ ХРАНЕНИЯ: хранить при температуре (18 +- 3) С и относительной влажности воздуха не более 75%, избегать попадания  прямых солнечных лучей";213.28 ;13;https://24-ok.ru/catalog_new.php?catalog_id=2637996&lot_id=327848683;https://24-ok.ru/images/lots/2016_lots/04/05/10/56/59452/f6d24b78261090ae86e5704aade7b9e1.jpg
Набор шоколадных конфет КРАСНОЯРСК (2-х ярус.)   490 Г;1. удивительная Сибирь 15 г без этикета 6 шт 2. тесоро жгучий шоколад ( в саше) без этикета 6 шт 3. Конфеты Красноярские - без этикета 4 шт 4. Конфеты Манна без этикета 4 шт 5. Конфеты Сибирская красавица - без этикета 4 шт 6. крестовый король-без этикета 1 шт 7. саянале миндальный-без этикета 4 шт 8. саянские ночи-без этикета 4 шт 9. саянале шоколадно-ореховый- без этикета 6 шт;736.64 ;13;https://24-ok.ru/catalog_new.php?catalog_id=2637996&lot_id=327848682;https://24-ok.ru/images/lots/2016_lots/04/05/10/56/59452/67fa5ac32131461f3821c472c6bf7588.jpg
Набор шоколадных конфет КРАСНОЯРСК  320 Г;"краскоша театральный- без этикета 6 шт 2. крестовый король-без этикета 3 шт 3. саянале шоколадно-ореховый- без этикета 12 шт 4. Конфеты Саянские сливки - без этикета 6 шт 5. тесоро кофе со сливками без этикета 4 шт СОСТАВ: сахар-песок, шоколадная глазурь (сахар-песок, какао тертое, какао-масло, какао-порошок, эквивалент масла какао, эмульгатор — лецитин Е322, эмульгатор Е476, ароматизатор, идентичный натуральному, «Ванилин»), полуфабрикат кондитерский — начинка (сахар-песок, жир специального назначения, молоко сухое обезжиренное, эквивалент масла какао, эмульгатор — лецитин Е322, эмульгатор Е476, ароматизатор, идентичный натуральному, «Ванильно-сливочный», антиокислитель Е306), белая шоколадная глазурь (сахар-песок, какао-масло, сухие молочные продукты, эмульгатор — лецитин Е322, ароматизатор, идентичный натуральному, «Йогурт», эмульгатор Е476, краситель Е160А), стабилизатор — мальтодекстрин Е1400, влагоудерживающий агент — пищевые волокна: нутрилоза Е1200, студнеобразователь — желатин, патока крахмальная, шоколадная «вермишель», молоко сгущенное с сахаром, фрукты в сиропе, ядро ореха фундука жареное тертое и дробленое, какао-масло, ядро ореха кешью жареное тертое, какао тертое, молоко цельное сухое, изюм, вафли молотые (мука пшеничная, масло растительное, соль пищевая, сода пищевая, эмульгатор — лецитин Е322), масло из коровьего молока, какао-порошок, кофе натуральный молотый, алкоголь (спирт этиловый пищевой, коньяк),  ароматизаторы, идентичные натуральным: «Айриш-крим», «Сливки», «Пломбир», «Белый шоколад», «Лимон», «Капуччино», «Ванилин», «Коньячный»; соль пищевая.ПИЩЕВАЯ ЦЕННОСТЬ 100 Г:  белки -  5,0 г; жиры  -  29,0 г; углеводы  -  52,0 г.ЭНЕРГЕТИЧЕСКАЯ ЦЕННОСТЬ 100 Г:  490 ккал/2050 кДж ГОСТ   4570-93УСЛОВИЯ ХРАНЕНИЯ: хранить при температуре (18±3)° С и относительной влажности воздуха не более 75%, избегать попадания  прямых солнечных лучей СРОК ГОДНОСТИ 3 МЕСЯЦА";346.00 ;13;https://24-ok.ru/catalog_new.php?catalog_id=2637996&lot_id=327848681;https://24-ok.ru/images/lots/2016_lots/04/05/10/56/59452/48cd4d5b8ea6a6ae35ddfca64ab43274.jpg
Набор шоколадных конфет КРАСКОША ДАРИТ БУКЕТ РОЗ (красных)  325 Г;"1. тесоро жгучий шоколад ( в саше) без этикета 10 шт 2. крестовый король-без этикета 1 шт 3. саянале миндальный-без этикета 2 шт 4. саянале шоколадно-ореховый- без этикета 12 шт 5. снежная буря-без этикета 6 шт СОСТАВ: шоколадная глазурь (сахар-песок, какао тертое, какао-масло, какао-порошок, эквивалент масла какао, эмульгатор — лецитин (Е322), эмульгатор (Е476), ароматизатор, идентичный натуральному «Ванилин»), сахар-песок, полуфабрикат кондитерская масса - начинка (сахар-песок, молоко сухое цельное, молоко сухое обезжиренное, жир специального назначения, эквивалент масла какао, сыворотка сухая молочная, эмульгатор — лецитин (Е322), эмульгатор (Е476), антиокислитель (Е306), ароматизатор, идентичный натуральному «Сливочный»), крошка темного шоколада, какао-порошок, молоко цельное сухое, ядро абрикосовой косточки, ядро ореха фундука жареное тертое и дробленое, вафли дробленые (мука пшеничная, масло растительное, соль пищевая, сода пищевая, эмульгатор — лецитин (Е322)), мука пшеничная обжаренная, ядро арахиса жареное дробленое, какао тертое, какао-масло, кокосовое масло, крошка - белая шоколадная глазурь (сахар-песок, какао-масло, сухие молочные продукты, эмульгатор (Е476), краситель пищевой (Е160А)), масло из коровьего молока, изюм, алкоголь (коньяк, спирт этиловый пищевой), регулятор кислотности — кислота лимонная (Е330), ароматизаторы, идентичные натуральным: «Ванильно-сливочный», «Айриш-крим», «Белый шоколад», «Ванилин», «Чили», «Какао», «Вафли».ПИЩЕВАЯ ЦЕННОСТЬ 100 Г: белки — 6,0 г; жиры — 35,0 г; углеводы — 50,0 г ЭНЕРГЕТИЧЕСКАЯ ЦЕННОСТЬ 100 Г: 540 ккал/2260 кДж ГОСТ  4570-93УСЛОВИЯ ХРАНЕНИЯ: хранить при температуре (18 3)о С и относительной влажности воздуха не более 75%, избегать попадания  прямых солнечных лучей СРОК ГОДНОСТИ 3 МЕСЯЦА";316.50 ;13;https://24-ok.ru/catalog_new.php?catalog_id=2637996&lot_id=327848680;https://24-ok.ru/images/lots/2016_lots/04/05/10/56/59452/b1bf0dcb90a47bbbffc27a4f6b05fd87.jpg
Набор шоколадных конфет ЗАПОВЕДНЫЕ СТОЛБЫ  340 Г;;161.50 ;13;https://24-ok.ru/catalog_new.php?catalog_id=2637996&lot_id=327848679;https://24-ok.ru/images/lots/2016_lots/04/05/10/56/59452/2f3aa5f9ee2b8e8fb1a983443b2cc49b.jpg
Набор шоколадных конфет ЖЕСТЬ ОВАЛ (3 КОНФЕТЫ)  570 Г;;749.70 ;13;https://24-ok.ru/catalog_new.php?catalog_id=2637996&lot_id=327848678;https://24-ok.ru/images/lots/2016_lots/04/05/10/56/59452/14830a35480e2954b9c59cf0517fbcbf.jpg
Набор шоколадных конфет ЖЕЛАЮ НЕЖНОСТИ, ЛЮБВИ И ВНИМАНИЯ  465 Г;Ассортимент 1. Конфеты Красноярские ночи без этикета 6 шт 2. Конфеты Красноярские вечера без этикета 5 шт 3. Конфеты Красноярские рассветы без этикета 6 шт 4. керман- фисташковое молочко- без этикета 7 шт 5. Конфеты Ореховый букет без этикета 8 шт 6. краскоша- любитель Оршада- без этикета 7 шт;343.00 ;13;https://24-ok.ru/catalog_new.php?catalog_id=2637996&lot_id=327848677;https://24-ok.ru/images/lots/2016_lots/04/05/10/56/59452/8c9cca917542fec2e3dd96521b19ed41.jpg
Набор шоколадных конфет ВОСХИЩЕНИЕ КРАСКОШИ   130Г;"В январе 2015 года на фабрике «Краскон» стали выпускать фасованные в набор «Восхищение Краскоши» конфеты «Суфле с ароматом ванили» и «Суфле с ароматом лимона», а также «Суфле с ароматом вишни» весом 200 г. В мае 2015 года ЗАО «Краскон» приступил к выпуску фасованных данных конфет (кроме «Суфле с ароматом вишни») по отдельным сортам в соответствующие художественно оформленные коробочки весом по 200 г.      Это конфеты, глазированные шоколадной глазурью, с нежным сбивным  корпусом. Корпус (начинка) представляет собой сбитую на яичных белках массу с добавлением яблочной подварки.   Соответственно наименованиям конфеты имеют выраженный приятный вкус и  аромат  лимона, ванили и вишни.  Конфеты отличаются сравнительно небольшой калорийностью и лёгкостью Состав:«Суфле с ароматом  лимона»  Сахар, шоколадная глазурь, патока, подварка яблочная, пенообразователь — яичный белок, желирующий агент — агар, кислота лимонная, ароматизатор,идентичный натуральному: «Лимонный», пищевой натуральный краситель (жёлтый).Пищевая ценность 100г: белки — 3,0 г; жиры — 9,0 г; углеводы — 71,0 г.Энергетическая ценность 100 г: 370 ккал/1550 кДж. «Суфле с ароматом  ванили»Сахар, шоколадная глазурь, патока,  подварка яблочная, пенообразователь — яичный белок, желирующий агент — агар, кислота лимонная, ароматизатор, идентичный натуральному «Ванильно-сливочный».«Суфле с ароматом  вишни»сахар, шоколадная глазурь, патока, подварка яблочная, пенообразователь — яичный белок, желирующий агент — агар, кислота лимонная, ароматизатор, идентичный натуральному «Вишня».Пищевая ценность 100 г: белки — 3,0 г; жиры — 9,0; углеводы — 71,0 г Энергетическая ценность 100 г: 370 ккал/1550 кДж.Срок годности : 2 месяца.Конфеты выпущены по ГОСТ 4570.";60.70 ;13;https://24-ok.ru/catalog_new.php?catalog_id=2637996&lot_id=327848676;https://24-ok.ru/images/lots/2016_lots/04/05/10/56/59452/1ba29e90aeb86d6e3493357263d97686.jpg
Набор шоколадных изделий ТЕСОРО ПРАЗДНИЧНЫЙ  380Г;"Ассортимент 1. красноярское танго-без этикета 10 шт 2. саянские ночи-без этикета 10 шт 3. Мармелад фигурный в шоколаде - без этикета 5 шт 4. краскоша на верблюде- без этикета 4 шт СОСТАВ: сахар-песок, шоколадная глазурь (сахар-песок, какао тертое, какао-масло, какао-порошок, эквивалент масла какао, эмульгатор — лецитин (Е322), эмульгатор (Е476), ароматизатор, идентичный натуральному «Ванилин»), какао тертое, молоко цельное сухое, ядро ореха фундука жареное тертое и дробленое,  сыворотка сухая молочная, какао-масло, ядро ореха миндаля жареное тертое и дробленое, вафли молотые (мука пшеничная, масло растительное, соль пищевая, сода пищевая, эмульгатор — лецитин (Е322)), какао-порошок, ядро ореха кешью жареное тертое, жир специального назначения, кокосовое масло, патока крахмальная, студнеобразователь — пектин (Е440), алкоголь (спирт этиловый пищевой), регулятор кислотности — кислота лимонная (Е330), комплексообразователь — фосфомикс, ароматизаторы, идентичные натуральным: «Тоффи», «Ванилин», «Ромовый», «Малина»; краситель пищевой (Е120).ПИЩЕВАЯ ЦЕННОСТЬ 100 Г: белки –  6,5 г; жиры -  27,0 г; углеводы  - 57,0 г.ЭНЕРГЕТИЧЕСКАЯ ЦЕННОСТЬ 100 Г: 490 ккал/2050 кДж ГОСТ 4570-93, ГОСТ 6442-89УСЛОВИЯ ХРАНЕНИЯ: хранить при температуре (183)о С и относительной влажности воздуха не более 75%, избегать попадания  прямых солнечных лучей   СРОК ГОДНОСТИ 3 МЕСЯЦА";266.90 ;13;https://24-ok.ru/catalog_new.php?catalog_id=2637996&lot_id=327848675;https://24-ok.ru/images/lots/2016_lots/04/05/10/56/59452/f80f6ed10b8135aea5cac89c8a808afe.jpg
Фасованные конфеты КРАСНОЯРЬЕ Н;200 гр.;276.90 ;13;https://24-ok.ru/catalog_new.php?catalog_id=2637996&lot_id=327848673;https://24-ok.ru/images/lots/2014_lots/09/20/07/54/25273/602d6658c435dc205fb1632906da6e80.jpg
Фасованные конфеты ФРУКТОВЫЕ НА СОРБИТЕ;180 гр.;91.50 ;13;https://24-ok.ru/catalog_new.php?catalog_id=2637996&lot_id=327848672;https://24-ok.ru/images/lots/2014_lots/09/20/07/54/25273/b1f36937560dd0f9bd0ee2ff0ea01df1.jpg
Фасованные конфеты КРАСКОША ДРУГ БЕЛОЧКИ;170 гр.;223.38 ;13;https://24-ok.ru/catalog_new.php?catalog_id=2637996&lot_id=327848670;https://24-ok.ru/images/lots/2014_lots/09/20/07/54/25273/e0a324b35359e54c701d88bb7675a48e.jpg
Набор шоколадных конфет КРАСНОЯРСКИЕ СЮЖЕТЫ ВОКЗАЛЫ;"140 гр.  1. Шоколадный король -без этикета 11 шт СОСТАВ:  шоколадная глазурь (сахар-песок, какао тертое, какао-масло, эквивалент масла какао, какао-порошок, эмульгатор — лецитин Е322, эмульгатор Е476, ароматизатор идентичный натуральному «Ванилин»), начинка — полуфабрикат кондитерская масса (сахар-песок, какао-масло, молоко сухое обезжиренное, молоко сухое цельное, жир специального назначения, какао-порошок, ядро ореха фундука жареное дробленое, вафли молотые (мука пшеничная, масло растительное, соль пищевая, сода пищевая, эмульгатор — лецитин Е322), ароматизатор идентичный натуральному «Ванильно-сливочный»).ПИЩЕВАЯ ЦЕННОСТЬ 100 Г:  белки — 5,5 г; жиры  - 35,0 г; углеводы  -  50,0 г.ЭНЕРГЕТИЧЕСКАЯ ЦЕННОСТЬ 100 Г:   540 ккал/2260 кДж ГОСТ   4570-93    УСЛОВИЯ ХРАНЕНИЯ: хранить при температуре (183)о С и относительной влажности воздуха не более 75%, избегать попадания  прямых солнечных лучей  СРОК ГОДНОСТИ 4 МЕСЯЦА";293.60 ;13;https://24-ok.ru/catalog_new.php?catalog_id=2637996&lot_id=327848669;https://24-ok.ru/images/lots/2016_lots/04/05/10/56/59452/88562c6f71b4de5dc0337ecdbbf93e76.jpg
Набор шоколадных конфет  КРАСНОЯРСКИЕ СЮЖЕТЫ. ОРГАННЫЙ ЗАЛ;"160 гр.  Ассортимент 1. конфеты Саянале яблочный без этикета 11 шт СОСТАВ:  шоколадная глазурь (сахар-песок, какао тертое, какао-масло, какао-порошок, эквивалент масла какао, эмульгатор — лецитин (Е322), эмульгатор (Е476), ароматизатор идентичный натуральному «Ванилин»), белая шоколадная глазурь (сахар-песок, эквивалент какао-масла, сухие молочные продукты, эмульгатор — лецитин (Е322), ароматизатор, идентичный натуральному «Йогурт», краситель пищевой (Е160А)), полуфабрикат кондитерский — начинка (сахар-песок, жир специального назначения, молоко сухое обезжиренное, эквивалент масла какао, эмульгатор — лецитин (Е322), эмульгатор (Е476), ароматизатор, идентичный натуральному «Ванильно-сливочный», антиокислитель (Е306)), сахар-песок, молоко сгущенное с сахаром, патока крахмальная, подварка яблочная (сахар-песок, пюре яблочное), какао-порошок, вафли молотые (мука пшеничная, масло растительное, соль пищевая, сода пищевая, эмульгатор — лецитин (Е322)), алкоголь (спирт этиловый пищевой), корица, эмульгатор — лецитин (Е322), регулятор кислотности — кислота лимонная (Е330), ароматизаторы, идентичные натуральным: «Тоффи», «Яблоко»; краситель пищевой (Е141).ПИЩЕВАЯ ЦЕННОСТЬ 100 Г:  белки — 4,0 г; жиры  - 22,0 г; углеводы  -  63,0 г.ЭНЕРГЕТИЧЕСКАЯ ЦЕННОСТЬ 100 Г:   470 ккал /1970 кДж ГОСТ   4570-93    УСЛОВИЯ ХРАНЕНИЯ: хранить при температуре (183)о С и относительной влажности воздуха не более 75%, избегать попадания  прямых солнечных лучей СРОК ГОДНОСТИ 4 МЕСЯЦА";338.95 ;13;https://24-ok.ru/catalog_new.php?catalog_id=2637996&lot_id=327848668;https://24-ok.ru/images/lots/2016_lots/04/05/10/56/59452/1cf246af5a009b9d5feabbd1b2e5abda.jpg
Фасованные конфеты КРАСНОЯРСКИЕ;200 гр.;274.00 ;13;https://24-ok.ru/catalog_new.php?catalog_id=2637996&lot_id=327848667;https://24-ok.ru/images/lots/2014_lots/09/20/07/54/25273/e4269e042f49660853f8c75f71a8ac88.jpg
Фасованные конфеты КРАСНОЯРСКАЯ ПТИЧКА;250 гр.;148.30 ;13;https://24-ok.ru/catalog_new.php?catalog_id=2637996&lot_id=327848666;https://24-ok.ru/images/lots/2014_lots/09/20/07/54/25273/e192f03317db492b354c698a8b5bc058.jpg
Набор шоколадных конфет КРАСНОЯРСКИЕ СЮЖЕТЫ ЧАСЫ;"180 гр.  1. Конфеты Ассорти Красконовское с помадно-шоколадной начин без этикета 4 шт 2. Конфеты Ассорти Красконовское с шоколадной начинкой без этикета 4 шт 3. Конфеты Ассорти Красконовское с помадно-сливочной начинкой без этикета 6 шт СОСТАВ: шоколадная глазурь (сахар-песок, какао тертое, какао-масло, какао-порошок, эквивалент масла какао, эмульгатор — лецитин (Е322), эмульгатор (Е476), ароматизатор, идентичный натуральному «Ванилин»), сахар-песок, патока крахмальная, молоко сгущенное с сахаром, какао тертое, жир специального назначения, кокосовое масло, какао-порошок, алкоголь (Спирт этиловый пищевой), пюре яблочное, консервант — сорбат калия (Е202), ароматизаторы, идентичные натуральным: «Ванильно-сливочный», «Ромовый», «Апельсин».ПИЩЕВАЯ ЦЕННОСТЬ 100 Г:  белки — 4,0 г; жиры  -  23,0 г; углеводы  -  61,0 г.ЭНЕРГЕТИЧЕСКАЯ ЦЕННОСТЬ 100 Г:  470 ккал/1970 к Дж ГОСТ   4570-93УСЛОВИЯ ХРАНЕНИЯ: хранить при температуре (183)о С и относительной влажности воздуха не более 75%, избегать попадания  прямых солнечных лучей  СРОК ГОДНОСТИ 4 МЕСЯЦА";146.78 ;13;https://24-ok.ru/catalog_new.php?catalog_id=2637996&lot_id=327848663;https://24-ok.ru/images/lots/2016_lots/04/05/10/56/59452/de0ea0ee046596c5e1e320e656fbcf64.jpg
Набор шоколадных конфет КРАСНОЯРСКИЕ СЮЖЕТЫ ЦАРЬ-РЫБА;"180 гр.  Конфеты Ассорти Красконовское с помадно-шоколадной начин без этикета 4 шт 2. Конфеты Ассорти Красконовское с шоколадной начинкой без этикета 4 шт 3. Конфеты Ассорти Красконовское с помадно-сливочной начинкой без этикета 6 шт СОСТАВ: шоколадная глазурь (сахар-песок, какао тертое, какао-масло, какао-порошок, эквивалент масла какао, эмульгатор — лецитин (Е322), эмульгатор (Е476), ароматизатор, идентичный натуральному «Ванилин»), сахар-песок, патока крахмальная, молоко сгущенное с сахаром, какао тертое, жир специального назначения, кокосовое масло, какао-порошок, алкоголь (Спирт этиловый пищевой), пюре яблочное, консервант — сорбат калия (Е202), ароматизаторы, идентичные натуральным: «Ванильно-сливочный», «Ромовый», «Апельсин».ПИЩЕВАЯ ЦЕННОСТЬ 100 Г:  белки — 4,0 г; жиры  -  23,0 г; углеводы  -  61,0 г.ЭНЕРГЕТИЧЕСКАЯ ЦЕННОСТЬ 100 Г:  470 ккал/1970 кДж ГОСТ   4570-93УСЛОВИЯ ХРАНЕНИЯ: хранить при температуре (183)о С и относительной влажности воздуха не более 75%, избегать попадания  прямых солнечных лучей СРОК ГОДНОСТИ 4 МЕСЯЦА";137.00 ;13;https://24-ok.ru/catalog_new.php?catalog_id=2637996&lot_id=327848662;https://24-ok.ru/images/lots/2016_lots/04/05/10/56/59452/0e22b2b2c369c0773a8bb65e73fc5557.jpg
Набор шоколадных конфет КРАСНОЯРСКИЕ СЮЖЕТЫ ФОНТАНЫ;"180 гр.  Конфеты Ассорти Красконовское с помадно-шоколадной начин без этикета 4 шт 2. Конфеты Ассорти Красконовское с шоколадной начинкой без этикета 4 шт 3. Конфеты Ассорти Красконовское с помадно-сливочной начинкой без этикета 6 шт СОСТАВ:  сахар-песок, шоколадная глазурь (сахар-песок, какао тертое, какао-масло, какао-порошок, эквивалент масла какао, эмульгатор — лецитин (Е322), эмульгатор (Е476), ароматизатор, идентичный натуральному «Ванилин»), патока крахмальная, молоко сгущенное с сахаром, молоко цельное сухое, какао тертое, жир специального назначения, ядро ореха кешью и фундука жареное дробленое и тертое, сыворотка сухая молочная, вафли дробленые (мука пшеничная, масло растительное, соль пищевая, сода пищевая, эмульгатор — лецитин (Е322)), какао-порошок, какао-масло, стружка грецкого ореха, пюре черносмородиновое, алкоголь (спирт этиловый пищевой, коньяк), пенообразователь — восстановленный яичный белок, агент влагоудерживающий — глицерин (Е422), студнеобразователи: агар (Е406), пектин (Е440), кокосовое масло, регулятор кислотности — кислота лимонная (Е330), комплексообразователь — фосфомикс (Е331), ароматизаторы, идентичные натуральным: «Тоффи шоколадный», «Ванилин», «Ромовый», «Грецкий орех», «Барбарисовый»; краситель пищевой (Е120).ПИЩЕВАЯ ЦЕННОСТЬ 100 Г:  белки —   5,5 г; жиры  -  21,0 г; углеводы  -  62,0 г.ЭНЕРГЕТИЧЕСКАЯ ЦЕННОСТЬ 100 Г:  460 ккал/1930 кДж УСЛОВИЯ ХРАНЕНИЯ: хранить при температуре (183)о С и относительной влажности воздуха не более 75%, избегать попадания  прямых солнечных лучей ГОСТ  4570-93СРОК ГОДНОСТИ 4 МЕСЯЦА";146.78 ;13;https://24-ok.ru/catalog_new.php?catalog_id=2637996&lot_id=327848661;https://24-ok.ru/images/lots/2016_lots/04/05/10/56/59452/9e91cec44313f28114228dc630d53a7c.jpg
Набор шоколадных конфет КРАСНОЯРСКИЕ СЮЖЕТЫ ВЕЧЕРА;"180 гр.  1. Конфеты Ассорти Красконовское с помадно-шоколадной начин без этикета 4 шт 2. Конфеты Ассорти Красконовское с шоколадной начинкой без этикета 4 шт 3. Конфеты Ассорти Красконовское с помадно-сливочной начинкой без этикета 6 шт СОСТАВ: шоколадная глазурь (сахар-песок, какао тертое, какао-масло, какао-порошок, эквивалент масла какао, эмульгатор — лецитин (Е322), эмульгатор (Е476), ароматизатор, идентичный натуральному «Ванилин»), сахар-песок, патока крахмальная, молоко сгущенное с сахаром, какао тертое, жир специального назначения, кокосовое масло, какао-порошок, алкоголь (Спирт этиловый пищевой), пюре яблочное, консервант — сорбат калия (Е202), ароматизаторы, идентичные натуральным: «Ванильно-сливочный», «Ромовый», «Апельсин».ПИЩЕВАЯ ЦЕННОСТЬ 100 Г:  белки — 4,0 г; жиры  -  23,0 г; углеводы  -  61,0 г.ЭНЕРГЕТИЧЕСКАЯ ЦЕННОСТЬ 100 Г:  470 ккал.ГОСТ   4570-93УСЛОВИЯ ХРАНЕНИЯ: хранить при температуре (183)о С и относительной влажности воздуха не более 75%, избегать попадания  прямых солнечных лучей";146.78 ;13;https://24-ok.ru/catalog_new.php?catalog_id=2637996&lot_id=327848660;https://24-ok.ru/images/lots/2014_lots/09/20/07/54/25273/49204f50685a369b4442dd6681d2a1d4.jpg
Набор шоколадных конфет МОЙ КРАСНОЯРСК (ФОНТАНЫ);"265 гр.  Ассортимент:  «Красноярье», «Краскоша на балу», «Сибирская красавица», «Саянские шоколадные», «Краскоша вечерком», «Саянские ночи». СОСТАВ:  сахар, шоколадная глазурь (сахар, какао тертое,   эквивалент масла какао,какао-порошок, эмульгатор — лецитин соевый, ароматизатор пищевой «Ванилин»), патока,  молоко сгущенное с сахаром, молоко цельное сухое, какао тертое, жир специального назначения, ядро ореха кешью и фундука жареное дробленое и тертое, сыворотка сухая молочная, вафли молотые (мука пшеничная, масло растительное, соль пищевая, разрыхлитель-гидрокарбонат натрия, эмульгатор — лецитин соевый), какао-порошок, какао-масло, стружка грецкого ореха, пюре черносмородиновое, пюре яблочное, масло из коровьего молока, спирт этиловый пищевой, пенообразователь — восстановленный яичный белок, желирующие агенты: агар и  пектин; кокосовое масло, регулятор кислотности — кислота лимонная,  ароматизаторы пищевые: «Тоффи шоколадный», «Ванилин», «Ромовый», «Грецкий орех», «Барбарисовый», «Миндаль»; краситель пищевой Е120.ПИЩЕВАЯ ЦЕННОСТЬ 100 Г:  белки —   5,5 г; жиры  -  21,0 г; углеводы  -  62,0 г.ЭНЕРГЕТИЧЕСКАЯ ЦЕННОСТЬ 100 Г:  460 ккал/  1930  кДж УСЛОВИЯ ХРАНЕНИЯ: хранить при температуре (18 +- 3)С и относительной влажности воздуха не более 75%, избегать попадания  прямых солнечных лучей ГОСТ  4570";202.47 ;13;https://24-ok.ru/catalog_new.php?catalog_id=2637996&lot_id=327848659;https://24-ok.ru/images/lots/2016_lots/04/05/10/56/59452/78b6dc29e21fec4cdff614c0c49602ae.jpg
Набор шоколадных конфет МОЙ КРАСНОЯРСК (ВОКЗАЛЫ);"265 гр.  1. Конфеты Сибирская красавица - без этикета 5 шт 2. Конфеты Саянские шоколадные - без этикета 5 шт 3. красноярье-без этикета 1 шт 4. краскоша на балу- без этикета 5 шт 5. Конфеты Краскоша вечерком - без этикета (для фасовки) 5 шт 6. саянские ночи-без этикета 6 шт Ассортимент:  «Красноярье», «Краскоша на балу», «Сибирская красавица», «Саянские шоколадные», «Краскоша вечерком», «Саянские ночи». СОСТАВ:  сахар, шоколадная глазурь (сахар, какао тертое,   эквивалент масла какао,какао-порошок, эмульгатор — лецитин соевый, ароматизатор пищевой «Ванилин»), патока,  молоко сгущенное с сахаром, молоко цельное сухое, какао тертое, жир специального назначения, ядро ореха кешью и фундука жареное дробленое и тертое, сыворотка сухая молочная, вафли молотые (мука пшеничная, масло растительное, соль пищевая, разрыхлитель-гидрокарбонат натрия, эмульгатор — лецитин соевый), какао-порошок, какао-масло, стружка грецкого ореха, пюре черносмородиновое, пюре яблочное, масло из коровьего молока, спирт этиловый пищевой, пенообразователь — восстановленный яичный белок, желирующие агенты: агар и  пектин; кокосовое масло, регулятор кислотности — кислота лимонная,  ароматизаторы пищевые: «Тоффи шоколадный», «Ванилин», «Ромовый», «Грецкий орех», «Барбарисовый», «Миндаль»; краситель пищевой Е120.ПИЩЕВАЯ ЦЕННОСТЬ 100 Г:  белки —   5,5 г; жиры  -  21,0 г; углеводы  -  62,0 г.ЭНЕРГЕТИЧЕСКАЯ ЦЕННОСТЬ 100 Г:  460 ккал/  1930  кДж УСЛОВИЯ ХРАНЕНИЯ: хранить при температуре (18 +- 3)С и относительной влажности воздуха не более 75%, избегать попадания  прямых солнечных лучей ГОСТ  4570";202.47 ;13;https://24-ok.ru/catalog_new.php?catalog_id=2637996&lot_id=327848658;https://24-ok.ru/images/lots/2016_lots/04/05/10/56/59452/d322922498b0d36830bf97a0abc59571.jpg
Набор шоколадных конфет КРАСНОЯРСКИЕ СТОЛБЫ ЛЕТО;305 гр.;213.23 ;13;https://24-ok.ru/catalog_new.php?catalog_id=2637996&lot_id=327848657;https://24-ok.ru/images/lots/2014_lots/09/20/07/54/25273/f4bd4ffc084212ba932c1e8c32ffe729.jpg
Набор шоколадных конфет КРАСНОЯРСК ВЕЧЕРНИЙ;"470 гр.  1. Конфеты Саянские озера - без этикета 7 шт 2. тесоро молочный -без этикета 10 шт 3. саянские ночи-без этикета 7 шт 4. Конфеты Краскоша вечерком - без этикета (для фасовки) 7 шт 5. Конфеты Краскоша друг буревестника - без этикета (для фасовки) 7 шт 6. тесоро кофе со сливками без этикета 4 шт Ассортимент: ""Тесоро кофе со сливками"", ""Краскоша-друг буревестника"", ""Краскоша вечерком"", ""Саянские ночи"", ""Саянские озёра"", ""Тесоро молочный"".СОСТАВ:  сахар, шоколадная глазурь (сахар, какао тертое, какао-порошок, эквивалент масла какао, эмульгатор — лецитин соевый, ароматизатор пищевой «Ванилин»), полуфабрикат кондитерский — начинка (сахар, жир специального назначения,  молоко сухое обезжиренное, эквивалент какао-масла, регулятор кислотности-кислота лимонная,  эмульгатор — лецитин соевый, антиокислители: аскорбиновая кислота, смесь токоферолов, ароматизатор пищевой ""Ванильно-сливочный""), патока, молоко сгущенное с сахаром, жир специального назначения, вафли молотые (мука пшеничная, масло растительное, соль пищевая, разрыхлитель-гидрокарботан натрия, эмульгатор — лецитин соевый), воздушный рис, пюре фруктово-ягодное, желирующий агент — пектин, ядро ореха фундука жареное тертое и дробленое, ядро ореха кешью жареное тертое, какао тертое, какао-порошок, масло из коровьего молока, молоко цельное сухое, сыворотка сухая молочная, какао-масло, кокосовое масло, кофе натуральный молотый,  спирт этиловый пищевой, регулятор кислотности — кислота лимонная , ароматизаторы пищевые: «Тоффи шоколадный», «Ванилин», «Вишня», «Ромовый», «Чизкейк», «Капуччино»; красители пищевые: Е160b, Е120, Е 132.ПИЩЕВАЯ ЦЕННОСТЬ 100 Г:  белки - 5,0 г; жиры  - 23,0 г; углеводы  -  60,0 г.ЭНЕРГЕТИЧЕСКАЯ ЦЕННОСТЬ 100 Г:   470 ккал/1970 кДж ГОСТ   4570   УСЛОВИЯ ХРАНЕНИЯ: хранить при температуре (18 +- 3)С и относительной влажности воздуха не более 75%, избегать попадания  прямых солнечных лучей";235.93 ;13;https://24-ok.ru/catalog_new.php?catalog_id=2637996&lot_id=327848655;https://24-ok.ru/images/lots/2016_lots/04/05/10/56/59452/03addb678f6e6c1e1eea718c412a1fa6.jpg
Набор шоколадных конфет ВИДЫ КРАСНОЯРСКА (жесть);550 гр.  	Ассортимент 1. Конфеты Багира шоколадная вз 5 шт 2. Конфеты Керман-фисташковое молочко вз 5 шт 3. Конфеты Краскоша-любитель оршада вз 5 шт 4. Конфеты Краскошино шоу вз 4 шт 5. Конфеты Манна вз 5 шт 6. Конфеты Саянале клубничный вз 5 шт 7. Конфеты Саянале со вкусом халвы вз 5 шт 8. Конфеты Черемуховый букет вз 4 шт;674.73 ;13;https://24-ok.ru/catalog_new.php?catalog_id=2637996&lot_id=327848654;https://24-ok.ru/images/lots/2016_lots/04/05/10/56/59452/d63d1752dd298771330d5bf1a6872866.jpg
Набор шоколадных конфет ВИДЫ КРАСНОЯРЬЯ (жесть);1015 гр.  Ассортимент 1. Конфеты Багира шоколадная вз 7 шт 2. Конфеты Краскошино шоу вз 7 шт 3. Конфеты Красноярские столбы вз 5 шт 4. Конфеты Красноярское танго вз 7 шт 5. Конфеты Мой Красноярск вз (во флоу-пак) 3 шт 6. Конфеты Ореховый букет вз 7 шт 7. Конфеты Саянале клубничный вз 7 шт 8. Конфеты Саянские ночи вз 7 шт 9. Конфеты Черемуховый букет вз 7 шт 10. Конфеты Шоколадный король вз 7 шт 11. Шоколад КРАСКОНОВСКИЙ тёмный (медали) с видом Параскевы Пятницы 1 шт;1154.64 ;13;https://24-ok.ru/catalog_new.php?catalog_id=2637996&lot_id=327848653;https://24-ok.ru/images/lots/2016_lots/04/05/10/56/59452/b685db932e5280d9fcf29d1d32ae1eb9.jpg
Набор шоколадных конфет АССОРТИ КРАСКОНОВСКОЕ 1;"350 гр.  Ассортимент 1. Конфеты Ассорти Красконовское с шоколадной начинкой без этикета 8 шт 2. Конфеты Ассорти Красконовское с помадно-сливочной начинкой без этикета 8 шт 3. Конфеты Ассорти Красконовское с помадно-шоколадной начин без этикета 14 шт СОСТАВ: шоколадная глазурь (сахар-песок, какао тертое, какао-масло, какао-порошок, эквивалент масла какао, эмульгатор — лецитин (Е322), эмульгатор (Е476), ароматизатор, идентичный натуральному «Ванилин»),  сахар-песок, молоко сгущенное с сахаром, патока крахмальная, пюре яблочное, кокосовое масло, жир специального назначения, алкоголь (спирт этиловый пищевой), какао-порошок, консервант — сорбат калия (Е202), ароматизаторы, идентичные натуральным: «Апельсин», «Ванильно-сливочный», Ром».ПИЩЕВАЯ ЦЕННОСТЬ 100 Г:  белки -   4,0 г; жиры  -  23,0 г; углеводы  -  61,0  г.ЭНЕРГЕТИЧЕСКАЯ ЦЕННОСТЬ 100 Г:     460 ккал/1930ГОСТ   4570-93УСЛОВИЯ ХРАНЕНИЯ: хранить при температуре (183)о С и относительной влажности воздуха не более 75%, избегать попадания  прямых солнечных лучей СРОК ГОДНОСТИ 4 МЕСЯЦА";297.70 ;13;https://24-ok.ru/catalog_new.php?catalog_id=2637996&lot_id=327848652;https://24-ok.ru/images/lots/2014_lots/09/20/07/54/25273/22871eb3be680fb2229445784dfd65a3.jpg
Набор шоколадных конфет АССОРТИ КРАСКОНОВСКОЕ 2;"220 гр.  Ассортимент 1. Конфеты Ассорти Красконовское с шоколадной начинкой без этикета 6 шт 2. Конфеты Ассорти Красконовское с помадно-сливочной начинкой без этикета 6 шт 3. Конфеты Ассорти Красконовское с помадно-шоколадной начин без этикета 6 шт Ассортимент: ""Ассорти Красконовское с шоколадной начинкой"", ""Ассорти Красконовское с помадно-сливочной начинкой"", ""Ассорти Красконовское с помадно-шоколадной начинкой"".СОСТАВ: шоколадная глазурь (сахар, какао тертое, какао-порошок, эквивалент масла какао, эмульгатор — лецитин соевый, ароматизатор пищевой «Ванилин»),  сахар, молоко сгущенное с сахаром, патока, пюре яблочное, кокосовое масло, жир специального назначения, спирт этиловый пищевой, какао-порошок, консервант — сорбат калия, ароматизаторы пищевые: «Апельсин», «Ванильно-сливочный», Ром».ПИЩЕВАЯ ЦЕННОСТЬ 100 Г:  белки -   4,0  г; жиры  -  23,0 г; углеводы  -  61,0  г.ЭНЕРГЕТИЧЕСКАЯ ЦЕННОСТЬ 100 Г:     460 ккал/1930 кДж ГОСТ   4570УСЛОВИЯ ХРАНЕНИЯ: хранить при температуре (18±3)о С и относительной влажности воздуха не более 75%, избегать попадания  прямых солнечных лучей";217.30 ;13;https://24-ok.ru/catalog_new.php?catalog_id=2637996&lot_id=327848651;https://24-ok.ru/images/lots/2014_lots/09/20/07/54/25273/2cacfa2804d7e578006dcb6c46001fb7.jpg
Набор шоколадных конфет АССОРТИ КРАСКОНОВСКОЕ 3;"160 гр.  Ассортимент 1. Конфеты Ассорти Красконовское с шоколадной начинкой без этикета 3 шт 2. Конфеты Ассорти Красконовское с помадно-сливочной начинкой без этикета 3 шт 3. Конфеты Ассорти Красконовское с помадно-шоколадной начин без этикета 8 шт СОСТАВ: шоколадная глазурь (сахар-песок, какао тертое, какао-масло, какао-порошок, эквивалент масла какао, эмульгатор — лецитин (Е322), эмульгатор (Е476), ароматизатор, идентичный натуральному «Ванилин»),  сахар-песок, молоко сгущенное с сахаром, патока крахмальная, пюре яблочное, кокосовое масло, жир специального назначения, алкоголь (спирт этиловый пищевой), какао-порошок, консервант — сорбат калия (Е202), ароматизаторы, идентичные натуральным: «Апельсин», «Ванильно-сливочный», Ром».ПИЩЕВАЯ ЦЕННОСТЬ 100 Г:  белки -   4,0  г; жиры  -  23,0 г; углеводы  -  61,0  г.ЭНЕРГЕТИЧЕСКАЯ ЦЕННОСТЬ 100 Г:     460 ккал/1930 кДж ГОСТ   4570-93УСЛОВИЯ ХРАНЕНИЯ: хранить при температуре (18±3)о С и относительной влажности воздуха не более 75%, избегать попадания  прямых солнечных лучей СРОК ГОДНОСТИ 4 МЕСЯЦА";145.35 ;13;https://24-ok.ru/catalog_new.php?catalog_id=2637996&lot_id=327848650;https://24-ok.ru/images/lots/2014_lots/09/20/07/54/25273/2c3391d1bd34b42c6d4f1fc7e20a1cde.jpg
Набор шоколадных конфет КРАСКОНОВСКИЙ ВАЛЬС		350 Г;"1. саянале миндальный-без этикета 6 шт 2. саянале шоколадно-ореховый- без этикета 9 шт 3. тесоро кофе со сливками без этикета 9 шт 4. краскоша- любитель Оршада- без этикета 6 шт СОСТАВ:  шоколадная глазурь (сахар-песок, какао тертое, какао-масло, какао-порошок, эквивалент мала какао, эмульгатор — лецитин (Е322), эмульгатор (Е476), ароматизатор, идентичный натуральному «Ванилин»), сахар-песок, полуфабрикат кондитерский — начинка (сахар-песок, молоко сухое цельное, молоко сухое обезжиренное, жир специального назначения, эквивалент какао-масла, сыворотка сухая молочная, эмульгатор — лецитин (Е322), эмульгатор (Е476), антиокислитель (Е306), ароматизатор, идентичный натуральному «Сливочный»), ядро абрикосовой косточки тертое, крошка - белая шоколадная глазурь (сахар-песок, какао-масло, сухие молочные продукты, эквивалент какао-масла, эмульгатор (Е476), краситель пищевой (Е160А)), какао тертое, масло из коровьего молока, молоко цельное сухое, ядро ореха фундука жареное тертое и дробленое, какао-масло, вафли молотые (мука пшеничная, масло растительное, соль пищевая, сода пищевая, эмульгатор - лецитин (Е322)), какао-порошок, кокосовое масло, кофе натуральный молотый, алкоголь (коньяк, спирт этиловый пищевой), эмульгатор — лецитин (Е322), ароматизаторы, идентичные натуральным: «Ванилин», «Капуччино», «Айриш-крим», «Миндаль».ПИЩЕВАЯ ЦЕННОСТЬ 100 Г:  белки –  6,5 г; жиры  - 34,,0 г; углеводы  -  51,0 г.ЭНЕРГЕТИЧЕСКАЯ ЦЕННОСТЬ 100 Г:  540 ккал/2260 кДж ГОСТ   4570-93УСЛОВИЯ ХРАНЕНИЯ: хранить при температуре (183)о С и относительной влажности воздуха не более 75%, избегать попадания  прямых солнечных лучей СРОК ГОДНОСТИ 4 МЕСЯЦА";474.40 ;13;https://24-ok.ru/catalog_new.php?catalog_id=2637996&lot_id=327848647;https://24-ok.ru/images/lots/2014_lots/09/20/07/54/25273/cb44fc0f5cd1073b6b0543237309847b.jpg
Набор шоколадных конфет КОМАНДОР РЕЗАНОВ		 650 Г;"1. Конфеты Красноярские вечера без этикета 10 шт 2. тесоро кофе со сливками без этикета 10 шт 3. саянале оригинальный- без этикета 6 шт 4. клен кудрявый-без этикета 4 шт 5. краскоша друг белочки- без этикета 4 шт 6. саянале кремовый- без этикета 14 шт 7. шоколадный принц-без этикета 6 шт СОСТАВ: шоколадная глазурь (сахар-песок, какао тертое, какао-порошок, эквивалент масла какао, эмульгатор — лецитин (Е322), эмульгатор (Е476), ароматизатор, идентичный натуральному «Ванилин»), полуфабрикат кондитерский — начинка (сахар-песок, жир специального назначения, молоко сухое цельное, молоко сухое обезжиренное, какао-масло, сыворотка сухая молочная, эмульгатор — лецитин (Е322), эмульгатор (Е476)), белая шоколадная глазурь (сахар-песок, какао-масло, сухие молочные продукты, эквивалент какао-масла, эмульгатор (Е476), краситель пищевой (Е160А)), крошка темного шоколада, сахар-песок, ядра фундука и кешью жареные тертые и дробленые, молоко цельное сухое, молоко сгущенное с сахаром, масло из коровьего молока, какао-порошок, какао тертое, какао-масло, сыворотка сухая молочная, вафли дробленые и молотые (мука пшеничная, масло растительное, соль пищевая, сода пищевая, эмульгатор — лецитин (Е322)), кокосовое масло, изюм, рис воздушный, кофе натуральный молотый, цукаты фруктовые, алкоголь (спирт этиловый пищевой, коньяк), ароматизаторы, идентичные натуральным: «Капучино», «Ванилин», «Ванильно-сливочный», «Ванильный», «Ромовый», «Фундук», «Белый шоколад»..ПИЩЕВАЯ ЦЕННОСТЬ 100 Г:  белки — 5,0 г; жиры  -  32,0 г; углеводы  - 53,0 г.ЭНЕРГЕТИЧЕСКАЯ ЦЕННОСТЬ 100 Г:   520 ккал/2180 кДж ГОСТ   4570-93УСЛОВИЯ ХРАНЕНИЯ: хранить при температуре (183)о С и относительной влажности воздуха не более 75%, избегать попадания  прямых солнечных лучей  СРОК ГОДНОСТИ 2 МЕСЯЦА";1015.90 ;13;https://24-ok.ru/catalog_new.php?catalog_id=2637996&lot_id=327848644;https://24-ok.ru/images/lots/2014_lots/09/20/07/54/25273/9558de04981c9bdeefa563674b185b33.jpg
Фасованные конфеты ЧЕРНОСЛИВ В ШОКОЛАДЕ С ГРЕЦ ОР.  140гр;;190.90 ;13;https://24-ok.ru/catalog_new.php?catalog_id=2637996&lot_id=327848626;https://24-ok.ru/images/lots/2013_lots/11/30/12/19/14617/5764033817b814bf397fe987303a9037.jpg
Набор шоколадных изделий КРАСКОША ДАРИТ БУКЕТ РОЗ (чайных);"Ассортимент 1. Мармелад фигурный в шоколаде - без этикета 5 шт 2. саянские ночи-без этикета 10 шт 3. Конфеты Симонель - без этикета 10 шт 4. краскоша на верблюде- без этикета 4 шт СОСТАВ: сахар-песок, шоколадная глазурь (сахар-песок, какао тертое, какао-масло, какао-порошок, эквивалент масла какао, эмульгатор — лецитин (Е322),  эмульгатор (Е476), ароматизатор, идентичный натуральному «Ванилин»), молоко сгущенное с сахаром, патока крахмальная, какао тертое, молоко цельное сухое, сухая молочная сыворотка, какао-масло, ядро ореха фундука жареное тертое и дробленое, ядро ореха кешью жареное тертое, вафли молотые (мука пшеничная, масло растительное, соль пищевая, сода пищевая, эмульгатор — лецитин (Е322)), какао-порошок, семя кунжута жареного, масло из коровьего молока, жир специального назначения, кокосовое масло, студнеобразователь — пектин (Е440), алкоголь (спирт этиловый пищевой), регулятор кислотности — кислота лимонная (Е330), комплексообразователь  (Е331), ароматизаторы, идентичные натуральным: «Ваниль ореховая», «Ванилин», «Ромовый», «Малина»; краситель пищевой (Е120).ПИЩЕВАЯ ЦЕННОСТЬ 100 Г:  белки –  5,0 г; жиры  - 20,0 г; углеводы  - 63,0 г.ЭНЕРГЕТИЧЕСКАЯ ЦЕННОСТЬ 100 Г: 450 ккал/1880 кДж ГОСТ   4570-93; ГОСТ  6442-89УСЛОВИЯ ХРАНЕНИЯ: хранить при температуре (18±3)о С и относительной влажности воздуха не более 75%, избегать попадания  прямых солнечных лучей СРОК ГОДНОСТИ 3 МЕСЯЦА";227.30 ;13;https://24-ok.ru/catalog_new.php?catalog_id=2637996&lot_id=327848616;https://24-ok.ru/images/lots/2016_lots/04/05/10/56/59452/7aa57668a1e5915d47d45d28369011c0.jpg
